{
  "complex_words_dc": 0.5629395644335073,
  "wordtypes": 0.3371506558973477,
  "stopwords": 0.34252003273964754,
  "proper_nouns": 0.08751570098412667,
  "long_words": 0.3569384389114994,
  "punctuations": 0.1641611540259606,
  "numbers": 0.069992441009014,
  "organizations": 0.04940805688125379,
  "sentences_per_paragraph": 0.15137436112861438,
  "DaleChallIndex": 0.1268001917268293,
  "complex_words": 0.23845440296108614,
  "characters_per_word": 0.6878350814949851,
  "type_token_ratio": 0.6439529703499719,
  "Coleman-Liau": 0.6892116497814047,
  "total_characters": 0.09465181758264239,
  "syllables": 0.10989309491935137,
  "total_words": 0.07974596628665036,
  "syll_per_word": 0.647258456785378,
  "cardinals": 0.04146656358623398,
  "auxiliaries": 0.028291710743159986,
  "verbs": 0.09425298946611314,
  "active_toks": 0.043846486216139444,
  "determiners": 0.061476864916667706,
  "SMOGIndex": 0.14887812360924205,
  "percentages": 0.02096256050568408,
  "pronouns": 0.024079890123356196,
  "active_voice": 0.015498095610849942,
  "tobeverb": 0.024093996450697232,
  "dates": 0.0290042234174337,
  "total_sentences": 0.0924391259339274,
  "Kincaid": 0.05575066840996718,
  "words_per_sentence": 0.041031527901624495,
  "ARI": 0.04807477446135107,
  "nominalization": 0.04345574317915277,
  "LIX": 0.05908810846194676,
  "RIX": 0.04797544926530794,
  "GunningFogIndex": 0.05481190413730859,
  "FleschReadingEase": 0.9095741908671575,
  "subordinating_conjunctions": 0.006820112741873088,
  "particles": 0.015509800480192104,
  "adverbs": 0.020480645893424805,
  "auxverb": 0.003989337203658301,
  "prepositions": 0.12500598799662938,
  "adjectives": 0.0912079759266844,
  "nouns": 0.2965222211651919,
  "coord_conjunctions": 0.044790254648294184,
  "conjunction": 0.04364774321829425,
  "persons": 0.005347772362817087,
  "passive_toks": 0.010062130649026231,
  "norp": 0.0024049096671356408,
  "symbols": 0.0023638922080184404,
  "works": 0.001352307581778222,
  "gpe": 0.0035270796636197956,
  "other": 0.001845702036945377,
  "quantities": 0.001111357351014889,
  "passive_voice": 0.033832168778510946,
  "facilities": 0.0007444282845614111,
  "locations": 0.00035076161896414513,
  "products": 0.0009545424798075591,
  "ordinals": 0.0010683835673820684,
  "laws": 0.0002826925855933933,
  "times": 0.0014151899941423135,
  "money": 0.00022112108772838433,
  "interjections": 0.000139579747614539
}
