{
  "complex_words_dc": 0.4225167287880918,
  "wordtypes": 0.2368142968142968,
  "stopwords": 0.43140659093071126,
  "proper_nouns": 0.029702314913654524,
  "long_words": 0.31214008978520613,
  "punctuations": 0.11987382011417168,
  "numbers": 0.02982905373596367,
  "organizations": 0.00960006785878334,
  "sentences_per_paragraph": 0.11652836559093725,
  "DaleChallIndex": 0.08927934556976348,
  "complex_words": 0.2020116615653889,
  "characters_per_word": 0.6569559313243318,
  "type_token_ratio": 0.6191371496896436,
  "Coleman-Liau": 0.6595669904771291,
  "total_characters": 0.06467135875303892,
  "syllables": 0.08039995652369039,
  "total_words": 0.05691747553031795,
  "syll_per_word": 0.6301282230570049,
  "cardinals": 0.020889040340411974,
  "auxiliaries": 0.048849340077365765,
  "verbs": 0.11477398849398003,
  "active_toks": 0.06344082838466233,
  "determiners": 0.08091015853738195,
  "SMOGIndex": 0.14820182602958643,
  "percentages": 0.00473458117141587,
  "pronouns": 0.03942190484718891,
  "active_voice": 0.030298697867738957,
  "tobeverb": 0.03561930608312263,
  "dates": 0.018066463555113994,
  "total_sentences": 0.08260276048737583,
  "Kincaid": 0.06253624923965279,
  "words_per_sentence": 0.048989586585359186,
  "ARI": 0.0545834897662434,
  "nominalization": 0.03415451975303149,
  "LIX": 0.06206826660502827,
  "RIX": 0.052038476305331365,
  "GunningFogIndex": 0.05866219143783681,
  "FleschReadingEase": 0.9049228637986458,
  "subordinating_conjunctions": 0.01527337633195865,
  "particles": 0.02236793747516111,
  "adverbs": 0.026979559244115315,
  "auxverb": 0.010307470993743897,
  "prepositions": 0.1312240009960769,
  "adjectives": 0.09565380011720713,
  "nouns": 0.2946453157815766,
  "coord_conjunctions": 0.041122750274782044,
  "conjunction": 0.0401475509548936,
  "persons": 0.0023889737872074207,
  "passive_toks": 0.012360222631085375,
  "norp": 0.0006043173172520178,
  "symbols": 0.0007210519627891393,
  "works": 0.00018026074716844467,
  "gpe": 0.002684710576031366,
  "other": 0.0010526417147862582,
  "quantities": 0.0006701120589757019,
  "passive_voice": 0.033591584940087856,
  "facilities": 0.0006736519853505839,
  "locations": 0.0006850016616628352,
  "products": 0.0006750230254332138,
  "ordinals": 0.0007965754306077809,
  "laws": 4.6510003257009544e-5,
  "times": 0.0012908984415146891,
  "money": 0.0001042729045528387,
  "interjections": 8.824902764621605e-5
}
