{
  "complex_words_dc": 0.11603944938684098,
  "wordtypes": 0.08291935495873873,
  "stopwords": 0.07345206513581175,
  "proper_nouns": 0.04777451940755958,
  "long_words": 0.037021185136851625,
  "punctuations": 0.03659716611130073,
  "numbers": 0.03318931228852004,
  "organizations": 0.03289562631414994,
  "sentences_per_paragraph": 0.03263550153659933,
  "DaleChallIndex": 0.031139494338451208,
  "complex_words": 0.030114729034399802,
  "characters_per_word": 0.028525548410862626,
  "type_token_ratio": 0.027786154427132472,
  "Coleman-Liau": 0.02639070010323681,
  "total_characters": 0.024774574013992433,
  "syllables": 0.024388113056366074,
  "total_words": 0.018864492270947008,
  "syll_per_word": 0.018106059861992853,
  "cardinals": 0.017004388611120202,
  "auxiliaries": 0.016987949130038028,
  "verbs": 0.01695767940532481,
  "active_toks": 0.01619192965219818,
  "determiners": 0.016058845992931732,
  "SMOGIndex": 0.014892963035504515,
  "percentages": 0.01341011081249303,
  "pronouns": 0.012677987400381046,
  "active_voice": 0.012230587201784004,
  "tobeverb": 0.009524024903873683,
  "dates": 0.009038498803385371,
  "total_sentences": 0.008276130374247464,
  "Kincaid": 0.007924431136515423,
  "words_per_sentence": 0.007886133083475464,
  "ARI": 0.007728525932544873,
  "nominalization": 0.007689624288675472,
  "LIX": 0.0075606318775839065,
  "RIX": 0.00732550461754274,
  "GunningFogIndex": 0.007264922321974985,
  "FleschReadingEase": 0.00720434466482452,
  "subordinating_conjunctions": 0.006985416923158281,
  "particles": 0.005667273075252638,
  "adverbs": 0.005370425140332493,
  "auxverb": 0.0052210366126292035,
  "prepositions": 0.005142422198011058,
  "adjectives": 0.0037385815404864563,
  "nouns": 0.003177650225474337,
  "coord_conjunctions": 0.0030317654710995535,
  "conjunction": 0.002893587981844693,
  "persons": 0.0025119514316502153,
  "passive_toks": 0.00211699445791301,
  "norp": 0.0014992501240400624,
  "symbols": 0.0013575731939235681,
  "works": 0.0009685295751122272,
  "gpe": 0.0009384361251521106,
  "other": 0.0006553512659883346,
  "quantities": 0.00036462631236171505,
  "passive_voice": 0.00034906957013899757,
  "facilities": 0.0003190824827123992,
  "locations": 0.0002767392343845188,
  "products": 0.00026750509003910255,
  "ordinals": 0.00025388009368170394,
  "laws": 0.00019517122470223355,
  "times": 0.00010944572857426717,
  "money": 9.655836086219701e-5,
  "interjections": 4.241752030129108e-5
}
